{"cameraMode":{"drawMode":0,"name":"Shaded","section":"Shading Mode"},"sceneLighting":false,"audioPlay":false,"sceneViewState":{"m_AlwaysRefresh":false,"showFog":false,"showSkybox":false,"showFlares":false,"showImageEffects":false,"showParticleSystems":false,"showVisualEffectGraphs":true,"m_FxEnabled":true},"in2DMode":false,"pivot":{"x":-0.27777159214019778,"y":1.1927343606948853,"z":-0.5808849334716797},"rotation":{"x":0.01139589212834835,"y":-0.9877747893333435,"z":0.08764708787202835,"w":0.12843254208564759},"size":1.0475270748138428,"orthographic":true}