{"cameraMode":{"drawMode":0,"name":"Shaded","section":"Shading Mode"},"sceneLighting":false,"audioPlay":false,"sceneViewState":{"m_AlwaysRefresh":false,"showFog":false,"showSkybox":false,"showFlares":false,"showImageEffects":false,"showParticleSystems":false,"showVisualEffectGraphs":true,"m_FxEnabled":true},"in2DMode":false,"pivot":{"x":0.000022460706532001495,"y":0.011487951502203942,"z":0.000027397647500038147},"rotation":{"x":0.08836814016103745,"y":0.019422899931669236,"z":-0.0017230078810825945,"w":0.9958998560905457},"size":0.017430465668439866,"orthographic":false}