{"cameraMode":{"drawMode":0,"name":"Shaded","section":"Shading Mode"},"sceneLighting":false,"audioPlay":false,"sceneViewState":{"m_AlwaysRefresh":false,"showFog":false,"showSkybox":false,"showFlares":false,"showImageEffects":false,"showParticleSystems":false,"showVisualEffectGraphs":true,"m_FxEnabled":true},"in2DMode":false,"pivot":{"x":0.020106583833694459,"y":1.0218322277069092,"z":-0.005516409873962402},"rotation":{"x":0.0017776750028133393,"y":0.9958873987197876,"z":-0.0883670300245285,"w":0.020031021907925607},"size":1.156693458557129,"orthographic":true}